Model,Accuracy,F1 (weighted)
Logistic Regression,0.3927272727272727,0.4009903863622431
Decision Tree,0.2927272727272727,0.26486408696354236
